[
{
  "model": "webapp.project",
  "pk": 3,
  "fields": {
    "name_project": "\u0444\u0432\u0430\u043f",
    "description_project": "\u0444\u0430\u0432\u043f\u0444 \u0430vghj",
    "created_at": "2019-10-09",
    "updated_at": "2019-10-09"
  }
},
{
  "model": "webapp.project",
  "pk": 5,
  "fields": {
    "name_project": "\u043b\u0443\u043a",
    "description_project": "fbdfdrtg",
    "created_at": "2019-10-11",
    "updated_at": "2019-10-11"
  }
},
{
  "model": "webapp.project",
  "pk": 6,
  "fields": {
    "name_project": "\u043b\u0443\u043a",
    "description_project": "fbdfdrtg",
    "created_at": "2019-10-11",
    "updated_at": "2019-10-11"
  }
},
{
  "model": "webapp.project",
  "pk": 7,
  "fields": {
    "name_project": "\u043b\u0443\u043a",
    "description_project": "fbdfdrtg",
    "created_at": "2019-10-11",
    "updated_at": "2019-10-11"
  }
},
{
  "model": "webapp.project",
  "pk": 8,
  "fields": {
    "name_project": "serdtfyghjkl;jigyfs",
    "description_project": "ertyujpk ll;jkyrefsdfhjkmnjgfds",
    "created_at": "2019-10-11",
    "updated_at": "2019-10-11"
  }
},
{
  "model": "webapp.project",
  "pk": 9,
  "fields": {
    "name_project": "isalm",
    "description_project": "dfghgfd",
    "created_at": "2019-10-15",
    "updated_at": "2019-10-15"
  }
},
{
  "model": "webapp.project",
  "pk": 10,
  "fields": {
    "name_project": "\u0438\u0433\u0440\u0430",
    "description_project": "\u043d\u0443\u0436\u0435\u043d IT",
    "created_at": "2019-10-24",
    "updated_at": "2019-10-24"
  }
},
{
  "model": "webapp.project",
  "pk": 11,
  "fields": {
    "name_project": "\u0438\u0433\u0440\u0430",
    "description_project": "sdcvbnm,./",
    "created_at": "2019-11-07",
    "updated_at": "2019-11-07"
  }
},
{
  "model": "webapp.project",
  "pk": 12,
  "fields": {
    "name_project": "sdfsdf",
    "description_project": "dfsdfsdf",
    "created_at": "2019-11-13",
    "updated_at": "2019-11-13"
  }
},
{
  "model": "webapp.project",
  "pk": 13,
  "fields": {
    "name_project": "sdfsdf",
    "description_project": "dfsdfsdf",
    "created_at": "2019-11-13",
    "updated_at": "2019-11-13"
  }
},
{
  "model": "webapp.project",
  "pk": 14,
  "fields": {
    "name_project": "efwef",
    "description_project": "efsdsd",
    "created_at": "2019-11-13",
    "updated_at": "2019-11-13"
  }
},
{
  "model": "webapp.project",
  "pk": 15,
  "fields": {
    "name_project": "efwef",
    "description_project": "efsdsd",
    "created_at": "2019-11-13",
    "updated_at": "2019-11-13"
  }
},
{
  "model": "webapp.project",
  "pk": 16,
  "fields": {
    "name_project": "efwef",
    "description_project": "efsdsd",
    "created_at": "2019-11-13",
    "updated_at": "2019-11-13"
  }
},
{
  "model": "webapp.project",
  "pk": 17,
  "fields": {
    "name_project": "efwef",
    "description_project": "efsdsd",
    "created_at": "2019-11-13",
    "updated_at": "2019-11-13"
  }
},
{
  "model": "webapp.project",
  "pk": 18,
  "fields": {
    "name_project": "uhkj",
    "description_project": "7yiu",
    "created_at": "2019-11-13",
    "updated_at": "2019-11-13"
  }
},
{
  "model": "webapp.project",
  "pk": 19,
  "fields": {
    "name_project": "uhkj",
    "description_project": "7yiu",
    "created_at": "2019-11-13",
    "updated_at": "2019-11-13"
  }
},
{
  "model": "webapp.project",
  "pk": 20,
  "fields": {
    "name_project": "uhkj",
    "description_project": "7yiu",
    "created_at": "2019-11-13",
    "updated_at": "2019-11-13"
  }
},
{
  "model": "webapp.project",
  "pk": 21,
  "fields": {
    "name_project": "uhkj",
    "description_project": "7yiu",
    "created_at": "2019-11-13",
    "updated_at": "2019-11-13"
  }
},
{
  "model": "webapp.project",
  "pk": 22,
  "fields": {
    "name_project": "uhkj",
    "description_project": "7yiu",
    "created_at": "2019-11-13",
    "updated_at": "2019-11-13"
  }
},
{
  "model": "webapp.type",
  "pk": 3,
  "fields": {
    "type": "\u0443\u043b\u0443\u0447\u0448\u0435\u043d\u0438\u0435"
  }
},
{
  "model": "webapp.type",
  "pk": 4,
  "fields": {
    "type": "\u043e\u0448\u0438\u0431\u043a\u0430"
  }
},
{
  "model": "webapp.type",
  "pk": 7,
  "fields": {
    "type": "\u043e\u0448\u0438\u0431\u043a\u0430"
  }
},
{
  "model": "webapp.type",
  "pk": 10,
  "fields": {
    "type": "hj"
  }
},
{
  "model": "webapp.status",
  "pk": 1,
  "fields": {
    "status": "\u0432\u0432xdfg"
  }
},
{
  "model": "webapp.status",
  "pk": 5,
  "fields": {
    "status": "\u0441\u0442\u043e\u043f"
  }
},
{
  "model": "webapp.status",
  "pk": 6,
  "fields": {
    "status": "\u0441\u0442\u043e\u043f"
  }
},
{
  "model": "webapp.status",
  "pk": 7,
  "fields": {
    "status": "\u0441\u0430\u0441\u0430"
  }
},
{
  "model": "webapp.status",
  "pk": 8,
  "fields": {
    "status": "\u043d\u043e\u0432\u0430\u044f"
  }
},
{
  "model": "webapp.status",
  "pk": 10,
  "fields": {
    "status": "\u0432 \u043f\u0440\u043e\u0446\u0435\u0441\u0441\u0435"
  }
},
{
  "model": "webapp.status",
  "pk": 16,
  "fields": {
    "status": "test"
  }
},
{
  "model": "webapp.status",
  "pk": 17,
  "fields": {
    "status": "test 2"
  }
},
{
  "model": "webapp.status",
  "pk": 18,
  "fields": {
    "status": "\u044b\u0432\u0430\u043f\u0440\u043e\u043b"
  }
},
{
  "model": "webapp.status",
  "pk": 19,
  "fields": {
    "status": "\u0447\u0441\u043f\u0440\u043e\u043b\u0431"
  }
},
{
  "model": "webapp.status",
  "pk": 20,
  "fields": {
    "status": "dfgh"
  }
},
{
  "model": "webapp.status",
  "pk": 21,
  "fields": {
    "status": "mm"
  }
},
{
  "model": "auth.user",
  "pk": 1,
  "fields": {
    "password": "pbkdf2_sha256$150000$06c7tO9e4BFA$THyb8hU9Bh166yB7sPnHYlT72B3aKm55J2Nb2YxAo4s=",
    "last_login": "2019-12-09T08:02:18.568Z",
    "is_superuser": true,
    "username": "admin",
    "first_name": "",
    "last_name": "",
    "email": "",
    "is_staff": true,
    "is_active": true,
    "date_joined": "2019-09-25T10:51:37Z",
    "groups": [],
    "user_permissions": []
  }
},
{
  "model": "auth.user",
  "pk": 2,
  "fields": {
    "password": "pbkdf2_sha256$150000$SBMIpzcjmFzR$dq1BeTng8mtuN6pgIUGlEURVJnoL+O3zGiG3U8c7cLk=",
    "last_login": "2019-11-07T09:03:30.037Z",
    "is_superuser": false,
    "username": "isoo",
    "first_name": "",
    "last_name": "",
    "email": "nurdinovislam4@gmail.com",
    "is_staff": false,
    "is_active": true,
    "date_joined": "2019-10-28T08:51:46.250Z",
    "groups": [],
    "user_permissions": []
  }
},
{
  "model": "auth.user",
  "pk": 3,
  "fields": {
    "password": "pbkdf2_sha256$150000$ltoRUs7Ew4B3$Uz9XpjmQkBzUVJ3ypC+Y51Wy1+qPKe9qxRxgHl7vi4o=",
    "last_login": null,
    "is_superuser": false,
    "username": "isoo1",
    "first_name": "",
    "last_name": "",
    "email": "test@gmail.com",
    "is_staff": false,
    "is_active": false,
    "date_joined": "2019-10-28T08:54:49.622Z",
    "groups": [],
    "user_permissions": []
  }
},
{
  "model": "auth.user",
  "pk": 4,
  "fields": {
    "password": "pbkdf2_sha256$150000$FPys1Z1fSfkh$oFXNyzF+1k8P0z3AFb5OSPC27nKfcau7CB3wHM9i9mo=",
    "last_login": "2019-10-28T09:04:17.507Z",
    "is_superuser": false,
    "username": "isoo12",
    "first_name": "",
    "last_name": "",
    "email": "test1@gmail.com",
    "is_staff": false,
    "is_active": true,
    "date_joined": "2019-10-28T08:57:09.854Z",
    "groups": [],
    "user_permissions": []
  }
},
{
  "model": "auth.user",
  "pk": 8,
  "fields": {
    "password": "pbkdf2_sha256$150000$O2NNKc92wTq5$5vFynVQ3zaWnekhuVjwYEoRoJFEIre9watbKSpSLoAU=",
    "last_login": "2019-10-28T09:08:25.819Z",
    "is_superuser": false,
    "username": "isoo1f",
    "first_name": "",
    "last_name": "",
    "email": "tes22t@gmail.com",
    "is_staff": false,
    "is_active": true,
    "date_joined": "2019-10-28T09:08:16.874Z",
    "groups": [],
    "user_permissions": []
  }
},
{
  "model": "auth.user",
  "pk": 9,
  "fields": {
    "password": "pbkdf2_sha256$150000$6f2qfoeiJAww$PTtMNdxktVa3f1J6oHiE+SK72Xy9H7aub8ko1X8FrEg=",
    "last_login": null,
    "is_superuser": false,
    "username": "isam",
    "first_name": "",
    "last_name": "",
    "email": "fghjkjhgfd@gmai.cd",
    "is_staff": false,
    "is_active": true,
    "date_joined": "2019-10-28T11:35:48.998Z",
    "groups": [],
    "user_permissions": []
  }
},
{
  "model": "auth.user",
  "pk": 10,
  "fields": {
    "password": "pbkdf2_sha256$150000$toJvzllrxjYP$EVGaSHQCmxSsg7axtpT5R9i2fUPzeeQ3BPlUh4Cl2O0=",
    "last_login": null,
    "is_superuser": false,
    "username": "ihghj",
    "first_name": "",
    "last_name": "",
    "email": "tes224t@gmail.com",
    "is_staff": false,
    "is_active": true,
    "date_joined": "2019-11-01T02:43:25.882Z",
    "groups": [],
    "user_permissions": []
  }
},
{
  "model": "webapp.issuetracker",
  "pk": 27,
  "fields": {
    "summary": "ert",
    "description": "erty",
    "status": 18,
    "type": 3,
    "project": 6,
    "date_ct": "2019-10-15",
    "created_by": 1,
    "assigned_to": null
  }
},
{
  "model": "webapp.issuetracker",
  "pk": 28,
  "fields": {
    "summary": "\u044b\u0432\u0430\u043f\u0440\u043e",
    "description": "\u044b\u0432\u0430\u043f\u0440\u043e\u0440\u043f\u0430\u0432",
    "status": 20,
    "type": 4,
    "project": 7,
    "date_ct": "2019-10-15",
    "created_by": 1,
    "assigned_to": null
  }
},
{
  "model": "webapp.issuetracker",
  "pk": 29,
  "fields": {
    "summary": "\u0447\u0442\u0435\u043d\u0438\u0435",
    "description": "\u044b\u0430\u0444\u0441\u044f\u0432\u043c\u044f\u043c\u0432",
    "status": 6,
    "type": 4,
    "project": 5,
    "date_ct": "2019-11-06",
    "created_by": 2,
    "assigned_to": 8
  }
},
{
  "model": "webapp.issuetracker",
  "pk": 30,
  "fields": {
    "summary": "\u0447\u0442\u0435\u043d\u0438\u0435",
    "description": "ghj",
    "status": 8,
    "type": 4,
    "project": 9,
    "date_ct": "2019-11-06",
    "created_by": 2,
    "assigned_to": 10
  }
},
{
  "model": "webapp.issuetracker",
  "pk": 31,
  "fields": {
    "summary": "cbvbn,m",
    "description": "vcbvbnmn,",
    "status": 17,
    "type": 4,
    "project": 3,
    "date_ct": "2019-11-06",
    "created_by": 2,
    "assigned_to": 4
  }
},
{
  "model": "webapp.issuetracker",
  "pk": 32,
  "fields": {
    "summary": "islam",
    "description": "hjkl",
    "status": 7,
    "type": 7,
    "project": 3,
    "date_ct": "2019-11-06",
    "created_by": 2,
    "assigned_to": 10
  }
},
{
  "model": "webapp.issuetracker",
  "pk": 33,
  "fields": {
    "summary": "\u0447\u0442\u0435\u043d\u0438\u0435",
    "description": "xc",
    "status": 6,
    "type": 3,
    "project": 5,
    "date_ct": "2019-11-06",
    "created_by": 2,
    "assigned_to": 10
  }
},
{
  "model": "webapp.issuetracker",
  "pk": 34,
  "fields": {
    "summary": "\u0441\u0441\u0441\u0441\u0441\u0441\u0441\u0441\u0441\u0441\u0441\u0441\u0441\u0441\u0441\u0441\u0441\u0441\u0441\u0441\u0441",
    "description": "\u0441\u0430\u0432\u043f\u0440\u043e\u043e\u0434\u043b\u0434\u043e\u0440\u043f\u0430\u0432\u0432",
    "status": 20,
    "type": 4,
    "project": 5,
    "date_ct": "2019-11-06",
    "created_by": 3,
    "assigned_to": 10
  }
},
{
  "model": "webapp.issuetracker",
  "pk": 35,
  "fields": {
    "summary": "islam",
    "description": "test",
    "status": 7,
    "type": 4,
    "project": 3,
    "date_ct": "2019-11-07",
    "created_by": 2,
    "assigned_to": 4
  }
},
{
  "model": "webapp.issuetracker",
  "pk": 36,
  "fields": {
    "summary": "islam",
    "description": "test",
    "status": 7,
    "type": 4,
    "project": 3,
    "date_ct": "2019-11-07",
    "created_by": 2,
    "assigned_to": 4
  }
},
{
  "model": "webapp.issuetracker",
  "pk": 37,
  "fields": {
    "summary": "islam",
    "description": "test",
    "status": 7,
    "type": 4,
    "project": 3,
    "date_ct": "2019-11-07",
    "created_by": 2,
    "assigned_to": 4
  }
},
{
  "model": "webapp.issuetracker",
  "pk": 38,
  "fields": {
    "summary": "islam",
    "description": "test",
    "status": 7,
    "type": 4,
    "project": 3,
    "date_ct": "2019-11-07",
    "created_by": 2,
    "assigned_to": 4
  }
},
{
  "model": "webapp.issuetracker",
  "pk": 39,
  "fields": {
    "summary": "test 2.0",
    "description": "test 2.0",
    "status": 6,
    "type": 3,
    "project": 3,
    "date_ct": "2019-11-07",
    "created_by": 2,
    "assigned_to": 4
  }
},
{
  "model": "webapp.issuetracker",
  "pk": 40,
  "fields": {
    "summary": "1212121",
    "description": "121212",
    "status": 1,
    "type": 3,
    "project": 3,
    "date_ct": "2019-11-07",
    "created_by": 2,
    "assigned_to": 10
  }
},
{
  "model": "webapp.issuetracker",
  "pk": 41,
  "fields": {
    "summary": "islam",
    "description": "tesfgd",
    "status": 18,
    "type": 4,
    "project": 6,
    "date_ct": "2019-11-07",
    "created_by": 2,
    "assigned_to": 9
  }
},
{
  "model": "webapp.issuetracker",
  "pk": 42,
  "fields": {
    "summary": "test 2.0",
    "description": "test",
    "status": 19,
    "type": 3,
    "project": 6,
    "date_ct": "2019-11-07",
    "created_by": 2,
    "assigned_to": 9
  }
},
{
  "model": "webapp.issuetracker",
  "pk": 43,
  "fields": {
    "summary": "wertyuiop[",
    "description": "sdfghjkl;'",
    "status": 17,
    "type": 3,
    "project": 10,
    "date_ct": "2019-11-07",
    "created_by": 2,
    "assigned_to": 8
  }
},
{
  "model": "webapp.issuetracker",
  "pk": 44,
  "fields": {
    "summary": "rthvcdfvh",
    "description": "cvbccbgbc",
    "status": 17,
    "type": 7,
    "project": 7,
    "date_ct": "2019-12-09",
    "created_by": 1,
    "assigned_to": null
  }
},
{
  "model": "webapp.issuetracker",
  "pk": 45,
  "fields": {
    "summary": "rthvcdfvh",
    "description": "cvbccbgbc",
    "status": 17,
    "type": 7,
    "project": 7,
    "date_ct": "2019-12-09",
    "created_by": 1,
    "assigned_to": null
  }
},
{
  "model": "webapp.issuetracker",
  "pk": 46,
  "fields": {
    "summary": "rthvcdfvh",
    "description": "cvbccbgbc",
    "status": 17,
    "type": 7,
    "project": 7,
    "date_ct": "2019-12-09",
    "created_by": 1,
    "assigned_to": null
  }
}
]
